"Policy","Expiry","Location","State","Region","InsuredValue","Construction","BusinessType","Earthquake","Flood","ROW_NUMBER","FILE_NAME","FILE_DATE"
100242,"2021-01-02","Urban","NY","East",1617630,"Frame","Retail","N","N",1,"insurance_data_sample_1667864342.xlsx","2022-07-11 23:39:02"
100314,"2021-01-02","Urban","NY","East",8678500,"Fire Resist","Apartment","Y","Y",2,"insurance_data_sample_1667864342.xlsx","2022-07-11 23:39:02"
100359,"2021-01-02","Rural","WI","Midwest",2052660,"Frame","Farming","N","N",3,"insurance_data_sample_1667864342.xlsx","2022-07-11 23:39:02"
100315,"2021-01-03","Urban","NY","East",17580000,"Frame","Apartment","Y","Y",4,"insurance_data_sample_1667864342.xlsx","2022-07-11 23:39:02"
100385,"2021-01-03","Urban","NY","East",1925000,"Masonry","Hospitality","N","N",5,"insurance_data_sample_1667864342.xlsx","2022-07-11 23:39:02"
100388,"2021-01-04","Urban","IL","Midwest",12934500,"Frame","Apartment","Y","Y",6,"insurance_data_sample_1667864342.xlsx","2022-07-11 23:39:02"
100358,"2021-01-05","Urban","WI","Midwest",928300,"Masonry","Office Bldg","N","N",7,"insurance_data_sample_1667864342.xlsx","2022-07-11 23:39:02"
100264,"2021-01-07","Rural","NY","East",2219900,"Frame","Farming","N","N",8,"insurance_data_sample_1667864342.xlsx","2022-07-11 23:39:02"
100265,"2021-01-07","Urban","NY","East",14100000,"Frame","Apartment","Y","Y",9,"insurance_data_sample_1667864342.xlsx","2022-07-11 23:39:02"
100357,"2021-01-08","Urban","NY","East",4762808,"Masonry","Other","Y","Y",10,"insurance_data_sample_1667864342.xlsx","2022-07-11 23:39:02"
100399,"2021-01-08","Urban","NY","East",13925190,"Frame","Apartment","Y","Y",11,"insurance_data_sample_1667864342.xlsx","2022-07-11 23:39:02"
100329,"2021-01-09","Urban","NY","East",6350000,"Frame","Apartment","Y","Y",12,"insurance_data_sample_1667864342.xlsx","2022-07-11 23:39:02"
100429,"2021-01-09","Urban","WI","Midwest",4036000,"Masonry","Medical","Y","Y",13,"insurance_data_sample_1667864342.xlsx","2022-07-11 23:39:02"
100441,"2021-01-10","Urban","NJ","East",472800,"Masonry","Retail","Y","Y",14,"insurance_data_sample_1667864342.xlsx","2022-07-11 23:39:02"
100442,"2021-01-10","Urban","WI","Midwest",11710880,"Masonry","Apartment","Y","Y",15,"insurance_data_sample_1667864342.xlsx","2022-07-11 23:39:02"
100372,"2021-01-12","Urban","NY","East",1370300,"Frame","Apartment","Y","Y",16,"insurance_data_sample_1667864342.xlsx","2022-07-11 23:39:02"
100281,"2021-01-13","Rural","WI","Midwest",1432835,"Frame","Farming","N","N",17,"insurance_data_sample_1667864342.xlsx","2022-07-11 23:39:02"
100280,"2021-01-15","Urban","NY","East",82000,"Masonry","Organization","Y","Y",18,"insurance_data_sample_1667864342.xlsx","2022-07-11 23:39:02"
100424,"2021-01-16","Urban","NY","East",192000,"Masonry","Retail","N","N",19,"insurance_data_sample_1667864342.xlsx","2022-07-11 23:39:02"
100425,"2021-01-16","Urban","NY","East",4950000,"Frame","Office Bldg","Y","Y",20,"insurance_data_sample_1667864342.xlsx","2022-07-11 23:39:02"
100426,"2021-01-16","Urban","VT","Northeast",2432875,"Fire Resist","Apartment","N","N",21,"insurance_data_sample_1667864342.xlsx","2022-07-11 23:39:02"
100252,"2021-01-17","Urban","OH","Central",1529600,"Masonry","Apartment","N","N",22,"insurance_data_sample_1667864342.xlsx","2022-07-11 23:39:02"
100279,"2021-01-18","Urban","NY","East",7677000,"Frame","Apartment","Y","Y",23,"insurance_data_sample_1667864342.xlsx","2022-07-11 23:39:02"
100292,"2021-01-18","Urban","NY","East",13750000,"Frame","Apartment","Y","Y",24,"insurance_data_sample_1667864342.xlsx","2022-07-11 23:39:02"
100398,"2021-01-18","Rural","NY","East",2529400,"Frame","Farming","N","N",25,"insurance_data_sample_1667864342.xlsx","2022-07-11 23:39:02"
100382,"2021-01-19","Urban","NJ","East",2328650,"Frame","Organization","N","N",26,"insurance_data_sample_1667864342.xlsx","2022-07-11 23:39:02"
100461,"2021-01-20","Urban","WI","Midwest",4380200,"Masonry","Office Bldg","Y","Y",27,"insurance_data_sample_1667864342.xlsx","2022-07-11 23:39:02"
100263,"2021-01-22","Urban","NJ","East",2815000,"Metal Clad","Apartment","Y","Y",28,"insurance_data_sample_1667864342.xlsx","2022-07-11 23:39:02"
100453,"2021-01-22","Urban","NY","East",1177700,"Frame","Hospitality","N","N",29,"insurance_data_sample_1667864342.xlsx","2022-07-11 23:39:02"
100381,"2021-01-23","Urban","VT","Northeast",7203500,"Frame","Office Bldg","Y","Y",30,"insurance_data_sample_1667864342.xlsx","2022-07-11 23:39:02"
100275,"2021-01-25","Urban","WI","Midwest",53410614,"Frame","Construction","Y","Y",31,"insurance_data_sample_1667864342.xlsx","2022-07-11 23:39:02"
100277,"2021-01-25","Urban","NJ","East",3189300,"Masonry","Service","Y","Y",32,"insurance_data_sample_1667864342.xlsx","2022-07-11 23:39:02"
100312,"2021-01-25","Rural","IL","Midwest",3145700,"Frame","Education","N","N",33,"insurance_data_sample_1667864342.xlsx","2022-07-11 23:39:02"
100327,"2021-01-25","Urban","WI","Midwest",1451100,"Frame","Recreation","N","N",34,"insurance_data_sample_1667864342.xlsx","2022-07-11 23:39:02"
100326,"2021-01-26","Urban","OH","Central",1787900,"Frame","Office Bldg","N","N",35,"insurance_data_sample_1667864342.xlsx","2022-07-11 23:39:02"
100379,"2021-01-26","Urban","NY","East",18777355,"Frame","Apartment","Y","Y",36,"insurance_data_sample_1667864342.xlsx","2022-07-11 23:39:02"
100310,"2021-01-28","Urban","WI","Midwest",8800000,"Fire Resist","Office Bldg","Y","Y",37,"insurance_data_sample_1667864342.xlsx","2022-07-11 23:39:02"
100341,"2021-01-28","Urban","NY","East",1123000,"Frame","Office Bldg","Y","Y",38,"insurance_data_sample_1667864342.xlsx","2022-07-11 23:39:02"
100289,"2021-01-29","Rural","NY","East",2145420,"Frame","Farming","N","N",39,"insurance_data_sample_1667864342.xlsx","2022-07-11 23:39:02"
100290,"2021-01-29","Urban","NY","East",18933000,"Frame","Office Bldg","Y","Y",40,"insurance_data_sample_1667864342.xlsx","2022-07-11 23:39:02"
100291,"2021-01-29","Urban","NY","East",21400000,"Fire Resist","Apartment","Y","Y",41,"insurance_data_sample_1667864342.xlsx","2022-07-11 23:39:02"
100340,"2021-01-30","Urban","NY","East",3754000,"Frame","Office Bldg","Y","Y",42,"insurance_data_sample_1667864342.xlsx","2022-07-11 23:39:02"
100415,"2021-01-31","Urban","NY","East",9650000,"Frame","Office Bldg","Y","Y",43,"insurance_data_sample_1667864342.xlsx","2022-07-11 23:39:02"
100421,"2021-01-31","Urban","NY","East",9503000,"Frame","Office Bldg","Y","Y",44,"insurance_data_sample_1667864342.xlsx","2022-07-11 23:39:02"
100304,"2021-02-01","Urban","NJ","East",1688300,"Frame","Hospitality","N","Y",45,"insurance_data_sample_1667864342.xlsx","2022-07-11 23:39:02"
100414,"2021-02-02","Urban","WI","Midwest",17856705,"Masonry","Apartment","Y","Y",46,"insurance_data_sample_1667864342.xlsx","2022-07-11 23:39:02"
100420,"2021-02-02","Urban","NY","East",7577000,"Frame","Apartment","Y","Y",47,"insurance_data_sample_1667864342.xlsx","2022-07-11 23:39:02"
100481,"2021-02-02","Urban","WI","Midwest",1990915,"Masonry","Office Bldg","N","N",48,"insurance_data_sample_1667864342.xlsx","2022-07-11 23:39:02"
100352,"2021-02-03","Urban","NJ","East",1245000,"Frame","Hospitality","Y","Y",49,"insurance_data_sample_1667864342.xlsx","2022-07-11 23:39:02"
100496,"2021-02-04","Urban","IL","Midwest",1895000,"Masonry","Office Bldg","N","N",50,"insurance_data_sample_1667864342.xlsx","2022-07-11 23:39:02"
100309,"2021-02-05","Urban","WI","Midwest",5000368,"Masonry","Manufacturing","N","N",51,"insurance_data_sample_1667864342.xlsx","2022-07-11 23:39:02"
100413,"2021-02-05","Urban","NY","East",8397700,"Frame","Apartment","Y","Y",52,"insurance_data_sample_1667864342.xlsx","2022-07-11 23:39:02"
100498,"2021-02-06","Urban","NJ","East",36356000,"Fire Resist","Apartment","Y","Y",53,"insurance_data_sample_1667864342.xlsx","2022-07-11 23:39:02"
100499,"2021-02-07","Urban","NJ","East",16932600,"Fire Resist","Apartment","Y","Y",54,"insurance_data_sample_1667864342.xlsx","2022-07-11 23:39:02"
100509,"2021-02-07","Urban","OH","Central",1849000,"Metal Clad","Retail","N","N",55,"insurance_data_sample_1667864342.xlsx","2022-07-11 23:39:02"
100371,"2021-02-08","Urban","OH","Central",218490,"Frame","Apartment","N","N",56,"insurance_data_sample_1667864342.xlsx","2022-07-11 23:39:02"
100412,"2021-02-08","Urban","NJ","East",3052600,"Frame","Apartment","Y","N",57,"insurance_data_sample_1667864342.xlsx","2022-07-11 23:39:02"
100370,"2021-02-09","Urban","WI","Midwest",8126500,"Masonry","Organization","Y","Y",58,"insurance_data_sample_1667864342.xlsx","2022-07-11 23:39:02"
100377,"2021-02-09","Urban","NY","East",11400000,"Masonry","Apartment","Y","Y",59,"insurance_data_sample_1667864342.xlsx","2022-07-11 23:39:02"
100452,"2021-02-09","Urban","NJ","East",5918400,"Frame","Farming","Y","N",60,"insurance_data_sample_1667864342.xlsx","2022-07-11 23:39:02"
100459,"2021-02-09","Rural","NY","East",2550750,"Frame","Farming","N","N",61,"insurance_data_sample_1667864342.xlsx","2022-07-11 23:39:02"
100325,"2021-02-13","Urban","NY","East",140000,"Masonry","Retail","N","N",62,"insurance_data_sample_1667864342.xlsx","2022-07-11 23:39:02"
100419,"2021-02-13","Urban","NY","East",725000,"Masonry","Service","N","N",63,"insurance_data_sample_1667864342.xlsx","2022-07-11 23:39:02"
100512,"2021-02-13","Urban","NY","East",10098900,"Frame","Office Bldg","Y","Y",64,"insurance_data_sample_1667864342.xlsx","2022-07-11 23:39:02"
100513,"2021-02-13","Rural","NY","East",2937200,"Frame","Farming","N","N",65,"insurance_data_sample_1667864342.xlsx","2022-07-11 23:39:02"
100514,"2021-02-13","Urban","NJ","East",3644800,"Frame","Apartment","Y","Y",66,"insurance_data_sample_1667864342.xlsx","2022-07-11 23:39:02"
100471,"2021-02-15","Urban","NY","East",13882500,"Frame","Apartment","Y","Y",67,"insurance_data_sample_1667864342.xlsx","2022-07-11 23:39:02"
100396,"2021-02-16","Rural","NY","East",2050000,"Frame","Farming","N","N",68,"insurance_data_sample_1667864342.xlsx","2022-07-11 23:39:02"
100436,"2021-02-17","Rural","NY","East",3805200,"Metal Clad","Farming","N","N",69,"insurance_data_sample_1667864342.xlsx","2022-07-11 23:39:02"
100492,"2021-02-18","Rural","NY","East",1417800,"Frame","Organization","N","N",70,"insurance_data_sample_1667864342.xlsx","2022-07-11 23:39:02"
100494,"2021-02-18","Rural","WI","Midwest",5613900,"Masonry","Farming","N","N",71,"insurance_data_sample_1667864342.xlsx","2022-07-11 23:39:02"
100493,"2021-02-19","Urban","NJ","East",2471100,"Frame","Farming","N","N",72,"insurance_data_sample_1667864342.xlsx","2022-07-11 23:39:02"
100351,"2021-02-20","Rural","VT","Northeast",2985950,"Frame","Farming","N","N",73,"insurance_data_sample_1667864342.xlsx","2022-07-11 23:39:02"
100411,"2021-02-20","Urban","WI","Midwest",9062700,"Fire Resist","Hospitality","N","N",74,"insurance_data_sample_1667864342.xlsx","2022-07-11 23:39:02"
100469,"2021-02-21","Urban","NY","East",7350000,"Frame","Apartment","Y","Y",75,"insurance_data_sample_1667864342.xlsx","2022-07-11 23:39:02"
100418,"2021-02-22","Urban","NJ","East",1300900,"Masonry","Office Bldg","N","N",76,"insurance_data_sample_1667864342.xlsx","2022-07-11 23:39:02"
100511,"2021-02-22","Urban","NY","East",12750000,"Frame","Apartment","Y","Y",77,"insurance_data_sample_1667864342.xlsx","2022-07-11 23:39:02"
100536,"2021-02-22","Urban","NY","East",7585000,"Fire Resist","Office Bldg","Y","Y",78,"insurance_data_sample_1667864342.xlsx","2022-07-11 23:39:02"
100537,"2021-02-22","Urban","NY","East",9493313,"Masonry","Apartment","Y","Y",79,"insurance_data_sample_1667864342.xlsx","2022-07-11 23:39:02"
100394,"2021-02-23","Urban","NY","East",10302000,"Fire Resist","Office Bldg","Y","Y",80,"insurance_data_sample_1667864342.xlsx","2022-07-11 23:39:02"
100367,"2021-02-24","Urban","NH","Northeast",2500000,"Metal Clad","Manufacturing","N","N",81,"insurance_data_sample_1667864342.xlsx","2022-07-11 23:39:02"
100408,"2021-02-24","Urban","WI","Midwest",4833900,"Masonry","Office Bldg","N","N",82,"insurance_data_sample_1667864342.xlsx","2022-07-11 23:39:02"
100410,"2021-02-24","Urban","NY","East",2029500,"Metal Clad","Apartment","Y","Y",83,"insurance_data_sample_1667864342.xlsx","2022-07-11 23:39:02"
100369,"2021-02-25","Rural","NY","East",2233200,"Frame","Farming","N","N",84,"insurance_data_sample_1667864342.xlsx","2022-07-11 23:39:02"
100409,"2021-02-25","Urban","NY","East",2001250,"Frame","Office Bldg","Y","Y",85,"insurance_data_sample_1667864342.xlsx","2022-07-11 23:39:02"
100546,"2021-02-27","Rural","NY","East",1498850,"Metal Clad","Farming","N","N",86,"insurance_data_sample_1667864342.xlsx","2022-07-11 23:39:02"
100434,"2021-03-01","Urban","NJ","East",405556,"Frame","Apartment","Y","N",87,"insurance_data_sample_1667864342.xlsx","2022-07-11 23:39:02"
100523,"2021-03-01","Urban","NY","East",1311220,"Frame","Apartment","N","N",88,"insurance_data_sample_1667864342.xlsx","2022-07-11 23:39:02"
100433,"2021-03-02","Urban","NY","East",1769785,"Frame","Hospitality","Y","Y",89,"insurance_data_sample_1667864342.xlsx","2022-07-11 23:39:02"
100566,"2021-03-02","Urban","OH","Central",5377000,"Frame","Apartment","Y","Y",90,"insurance_data_sample_1667864342.xlsx","2022-07-11 23:39:02"
100522,"2021-03-05","Rural","NY","East",1599860,"Frame","Farming","N","N",91,"insurance_data_sample_1667864342.xlsx","2022-07-11 23:39:02"
100457,"2021-03-06","Urban","NY","East",10780450,"Frame","Apartment","Y","Y",92,"insurance_data_sample_1667864342.xlsx","2022-07-11 23:39:02"
100521,"2021-03-06","Urban","NJ","East",3839200,"Masonry","Apartment","N","N",93,"insurance_data_sample_1667864342.xlsx","2022-07-11 23:39:02"
100532,"2021-03-07","Urban","NJ","East",296000,"Frame","Apartment","N","N",94,"insurance_data_sample_1667864342.xlsx","2022-07-11 23:39:02"
100533,"2021-03-07","Rural","WI","Midwest",2707630,"Frame","Farming","N","N",95,"insurance_data_sample_1667864342.xlsx","2022-07-11 23:39:02"
100467,"2021-03-08","Urban","NJ","East",2249500,"Frame","Farming","N","N",96,"insurance_data_sample_1667864342.xlsx","2022-07-11 23:39:02"
100583,"2021-03-08","Urban","NY","East",7611000,"Masonry","Office Bldg","Y","Y",97,"insurance_data_sample_1667864342.xlsx","2022-07-11 23:39:02"
100404,"2021-03-09","Rural","WI","Midwest",1152600,"Frame","Farming","N","N",98,"insurance_data_sample_1667864342.xlsx","2022-07-11 23:39:02"
100554,"2021-03-09","Urban","NJ","East",9115500,"Frame","Apartment","Y","Y",99,"insurance_data_sample_1667864342.xlsx","2022-07-11 23:39:02"
100446,"2021-03-11","Urban","NY","East",1600000,"Masonry","Hospitality","Y","Y",100,"insurance_data_sample_1667864342.xlsx","2022-07-11 23:39:02"
100465,"2021-03-12","Urban","NJ","East",2575965,"Frame","Farming","Y","N",101,"insurance_data_sample_1667864342.xlsx","2022-07-11 23:39:02"
100490,"2021-03-12","Urban","NY","East",220000,"Metal Clad","Hospitality","N","N",102,"insurance_data_sample_1667864342.xlsx","2022-07-11 23:39:02"
100456,"2021-03-14","Urban","NY","East",1800000,"Frame","Apartment","Y","Y",103,"insurance_data_sample_1667864342.xlsx","2022-07-11 23:39:02"
100489,"2021-03-14","Urban","NJ","East",16998000,"Frame","Office Bldg","Y","Y",104,"insurance_data_sample_1667864342.xlsx","2022-07-11 23:39:02"
100545,"2021-03-14","Urban","NY","East",14450000,"Frame","Office Bldg","Y","Y",105,"insurance_data_sample_1667864342.xlsx","2022-07-11 23:39:02"
100543,"2021-03-15","Urban","NY","East",2835800,"Metal Clad","Manufacturing","N","N",106,"insurance_data_sample_1667864342.xlsx","2022-07-11 23:39:02"
100564,"2021-03-15","Urban","WI","Midwest",2280000,"Frame","Hospitality","Y","Y",107,"insurance_data_sample_1667864342.xlsx","2022-07-11 23:39:02"
100430,"2021-03-17","Urban","NJ","East",3960000,"Frame","Office Bldg","Y","Y",108,"insurance_data_sample_1667864342.xlsx","2022-07-11 23:39:02"
100477,"2021-03-17","Urban","VT","Northeast",5272975,"Frame","Apartment","Y","Y",109,"insurance_data_sample_1667864342.xlsx","2022-07-11 23:39:02"
100478,"2021-03-17","Urban","VT","Northeast",6354220,"Frame","Apartment","Y","Y",110,"insurance_data_sample_1667864342.xlsx","2022-07-11 23:39:02"
100444,"2021-03-21","Urban","NY","East",8892200,"Masonry","Apartment","Y","Y",111,"insurance_data_sample_1667864342.xlsx","2022-07-11 23:39:02"
100582,"2021-03-22","Urban","NJ","East",4651680,"Frame","Apartment","Y","Y",112,"insurance_data_sample_1667864342.xlsx","2022-07-11 23:39:02"
100487,"2021-03-23","Urban","NY","East",5990067,"Frame","Apartment","N","N",113,"insurance_data_sample_1667864342.xlsx","2022-07-11 23:39:02"
100519,"2021-03-25","Rural","NY","East",4102500,"Frame","Farming","N","N",114,"insurance_data_sample_1667864342.xlsx","2022-07-11 23:39:02"
100462,"2021-03-26","Urban","NY","East",3400000,"Frame","Construction","Y","Y",115,"insurance_data_sample_1667864342.xlsx","2022-07-11 23:39:02"
100486,"2021-03-26","Urban","NY","East",9973900,"Frame","Apartment","Y","Y",116,"insurance_data_sample_1667864342.xlsx","2022-07-11 23:39:02"
100463,"2021-03-27","Urban","NY","East",15480000,"Frame","Office Bldg","Y","Y",117,"insurance_data_sample_1667864342.xlsx","2022-07-11 23:39:02"
100595,"2021-03-27","Rural","NY","East",2446600,"Frame","Farming","N","N",118,"insurance_data_sample_1667864342.xlsx","2022-07-11 23:39:02"
100617,"2021-03-27","Urban","VT","Northeast",8861500,"Frame","Office Bldg","N","N",119,"insurance_data_sample_1667864342.xlsx","2022-07-11 23:39:02"
100580,"2021-03-30","Urban","NH","Northeast",97920,"Frame","Office Bldg","Y","Y",120,"insurance_data_sample_1667864342.xlsx","2022-07-11 23:39:02"
100581,"2021-03-30","Urban","NY","East",5150000,"Frame","Apartment","Y","Y",121,"insurance_data_sample_1667864342.xlsx","2022-07-11 23:39:02"
100475,"2021-03-31","Rural","WI","Midwest",1451662,"Masonry","Farming","N","N",122,"insurance_data_sample_1667864342.xlsx","2022-07-11 23:39:02"
100503,"2021-03-31","Urban","NJ","East",1761960,"Masonry","Office Bldg","N","N",123,"insurance_data_sample_1667864342.xlsx","2022-07-11 23:39:02"
100504,"2021-03-31","Rural","NY","East",1649105,"Frame","Farming","N","N",124,"insurance_data_sample_1667864342.xlsx","2022-07-11 23:39:02"
100616,"2021-03-31","Urban","NY","East",2329500,"Frame","Apartment","N","N",125,"insurance_data_sample_1667864342.xlsx","2022-07-11 23:39:02"
100614,"2021-04-03","Urban","NY","East",721500,"Frame","Apartment","Y","Y",126,"insurance_data_sample_1667864342.xlsx","2022-07-11 23:39:02"
100529,"2021-04-05","Urban","NJ","East",2455000,"Frame","Apartment","Y","Y",127,"insurance_data_sample_1667864342.xlsx","2022-07-11 23:39:02"
100551,"2021-04-06","Urban","NJ","East",3363463,"Frame","Farming","Y","N",128,"insurance_data_sample_1667864342.xlsx","2022-07-11 23:39:02"
100501,"2021-04-07","Rural","WI","Midwest",1568100,"Frame","Farming","N","N",129,"insurance_data_sample_1667864342.xlsx","2022-07-11 23:39:02"
100516,"2021-04-07","Urban","WI","Midwest",2063960,"Masonry","Organization","N","N",130,"insurance_data_sample_1667864342.xlsx","2022-07-11 23:39:02"
100542,"2021-04-07","Urban","VT","Northeast",1806500,"Frame","Apartment","N","Y",131,"insurance_data_sample_1667864342.xlsx","2022-07-11 23:39:02"
100625,"2021-04-07","Urban","NY","East",49837500,"Fire Resist","Apartment","Y","Y",132,"insurance_data_sample_1667864342.xlsx","2022-07-11 23:39:02"
100540,"2021-04-09","Rural","NY","East",2244800,"Frame","Farming","N","N",133,"insurance_data_sample_1667864342.xlsx","2022-07-11 23:39:02"
100663,"2021-04-10","Urban","NJ","East",10346950,"Frame","Office Bldg","N","Y",134,"insurance_data_sample_1667864342.xlsx","2022-07-11 23:39:02"
100539,"2021-04-11","Urban","NJ","East",8150000,"Frame","Apartment","N","Y",135,"insurance_data_sample_1667864342.xlsx","2022-07-11 23:39:02"
100642,"2021-04-11","Urban","NY","East",1697200,"Frame","Other","N","N",136,"insurance_data_sample_1667864342.xlsx","2022-07-11 23:39:02"
100549,"2021-04-15","Urban","VT","Northeast",3334353,"Metal Clad","Farming","Y","Y",137,"insurance_data_sample_1667864342.xlsx","2022-07-11 23:39:02"
100680,"2021-04-15","Rural","WI","Midwest",6020060,"Masonry","Farming","N","N",138,"insurance_data_sample_1667864342.xlsx","2022-07-11 23:39:02"
100560,"2021-04-16","Urban","NY","East",1381370,"Frame","Organization","N","N",139,"insurance_data_sample_1667864342.xlsx","2022-07-11 23:39:02"
100629,"2021-04-16","Urban","NY","East",2442400,"Frame","Retail","N","N",140,"insurance_data_sample_1667864342.xlsx","2022-07-11 23:39:02"
100631,"2021-04-16","Urban","NJ","East",4193603,"Frame","Farming","Y","N",141,"insurance_data_sample_1667864342.xlsx","2022-07-11 23:39:02"
100572,"2021-04-17","Rural","WI","Midwest",3725520,"Masonry","Farming","N","N",142,"insurance_data_sample_1667864342.xlsx","2022-07-11 23:39:02"
100630,"2021-04-17","Urban","NY","East",7394300,"Frame","Apartment","Y","Y",143,"insurance_data_sample_1667864342.xlsx","2022-07-11 23:39:02"
100637,"2021-04-17","Urban","NY","East",2402500,"Frame","Apartment","Y","Y",144,"insurance_data_sample_1667864342.xlsx","2022-07-11 23:39:02"
100659,"2021-04-17","Urban","NJ","East",1693000,"Frame","Farming","Y","N",145,"insurance_data_sample_1667864342.xlsx","2022-07-11 23:39:02"
100527,"2021-04-18","Urban","NJ","East",9148076,"Frame","Manufacturing","Y","Y",146,"insurance_data_sample_1667864342.xlsx","2022-07-11 23:39:02"
100638,"2021-04-18","Urban","NJ","East",3950000,"Frame","Apartment","Y","Y",147,"insurance_data_sample_1667864342.xlsx","2022-07-11 23:39:02"
100679,"2021-04-18","Urban","NJ","East",14183900,"Frame","Apartment","Y","Y",148,"insurance_data_sample_1667864342.xlsx","2022-07-11 23:39:02"
100678,"2021-04-21","Urban","WI","Midwest",35245000,"Masonry","Apartment","Y","Y",149,"insurance_data_sample_1667864342.xlsx","2022-07-11 23:39:02"
100570,"2021-04-22","Urban","WI","Midwest",294700,"Masonry","Office Bldg","N","N",150,"insurance_data_sample_1667864342.xlsx","2022-07-11 23:39:02"
100578,"2021-04-25","Urban","OH","Central",4488000,"Frame","Apartment","N","N",151,"insurance_data_sample_1667864342.xlsx","2022-07-11 23:39:02"
100611,"2021-04-25","Urban","NJ","East",1595500,"Frame","Office Bldg","Y","Y",152,"insurance_data_sample_1667864342.xlsx","2022-07-11 23:39:02"
100621,"2021-04-25","Urban","MI","Central",394220,"Frame","Retail","N","N",153,"insurance_data_sample_1667864342.xlsx","2022-07-11 23:39:02"
100622,"2021-04-25","Urban","WI","Midwest",723900,"Fire Resist","Office Bldg","Y","Y",154,"insurance_data_sample_1667864342.xlsx","2022-07-11 23:39:02"
100623,"2021-04-25","Rural","NY","East",2006700,"Frame","Farming","N","N",155,"insurance_data_sample_1667864342.xlsx","2022-07-11 23:39:02"
100604,"2021-04-26","Urban","WI","Midwest",979572,"Frame","Retail","N","N",156,"insurance_data_sample_1667864342.xlsx","2022-07-11 23:39:02"
100610,"2021-04-27","Urban","NY","East",5086300,"Frame","Office Bldg","Y","Y",157,"insurance_data_sample_1667864342.xlsx","2022-07-11 23:39:02"
100591,"2021-04-29","Rural","NY","East",4353100,"Frame","Farming","N","N",158,"insurance_data_sample_1667864342.xlsx","2022-07-11 23:39:02"
100557,"2021-04-30","Urban","NY","East",2056700,"Frame","Other","Y","Y",159,"insurance_data_sample_1667864342.xlsx","2022-07-11 23:39:02"
100636,"2021-04-30","Urban","IL","Midwest",4886675,"Masonry","Apartment","N","N",160,"insurance_data_sample_1667864342.xlsx","2022-07-11 23:39:02"
100628,"2021-05-01","Rural","NY","East",1973200,"Frame","Farming","N","N",161,"insurance_data_sample_1667864342.xlsx","2022-07-11 23:39:02"
100650,"2021-05-02","Urban","NY","East",4156000,"Masonry","Hospitality","Y","Y",162,"insurance_data_sample_1667864342.xlsx","2022-07-11 23:39:02"
100651,"2021-05-02","Urban","NJ","East",1045000,"Frame","Apartment","Y","N",163,"insurance_data_sample_1667864342.xlsx","2022-07-11 23:39:02"
100569,"2021-05-03","Urban","NY","East",800000,"Frame","Construction","N","N",164,"insurance_data_sample_1667864342.xlsx","2022-07-11 23:39:02"
100609,"2021-05-03","Urban","NJ","East",4483000,"Frame","Office Bldg","Y","Y",165,"insurance_data_sample_1667864342.xlsx","2022-07-11 23:39:02"
100649,"2021-05-04","Rural","NY","East",3074775,"Frame","Farming","N","N",166,"insurance_data_sample_1667864342.xlsx","2022-07-11 23:39:02"
100656,"2021-05-06","Urban","MN","Midwest",1834200,"Frame","Hospitality","Y","Y",167,"insurance_data_sample_1667864342.xlsx","2022-07-11 23:39:02"
100677,"2021-05-06","Urban","NY","East",13370000,"Frame","Apartment","Y","Y",168,"insurance_data_sample_1667864342.xlsx","2022-07-11 23:39:02"
100704,"2021-05-06","Urban","NJ","East",14474600,"Fire Resist","Apartment","Y","Y",169,"insurance_data_sample_1667864342.xlsx","2022-07-11 23:39:02"
100713,"2021-05-06","Rural","WI","Midwest",2103390,"Masonry","Farming","N","N",170,"insurance_data_sample_1667864342.xlsx","2022-07-11 23:39:02"
100584,"2021-05-07","Urban","WI","Midwest",7750100,"Masonry","Other","N","N",171,"insurance_data_sample_1667864342.xlsx","2022-07-11 23:39:02"
100674,"2021-05-07","Urban","NY","East",9250000,"Frame","Office Bldg","Y","Y",172,"insurance_data_sample_1667864342.xlsx","2022-07-11 23:39:02"
100589,"2021-05-08","Rural","WI","Midwest",2867650,"Frame","Farming","N","N",173,"insurance_data_sample_1667864342.xlsx","2022-07-11 23:39:02"
100590,"2021-05-08","Rural","WI","Midwest",2798650,"Masonry","Farming","N","N",174,"insurance_data_sample_1667864342.xlsx","2022-07-11 23:39:02"
100675,"2021-05-08","Urban","NY","East",2468300,"Frame","Apartment","Y","Y",175,"insurance_data_sample_1667864342.xlsx","2022-07-11 23:39:02"
100648,"2021-05-09","Urban","NY","East",270000,"Masonry","Retail","N","N",176,"insurance_data_sample_1667864342.xlsx","2022-07-11 23:39:02"
100683,"2021-05-09","Urban","NJ","East",1374100,"Masonry","Office Bldg","Y","Y",177,"insurance_data_sample_1667864342.xlsx","2022-07-11 23:39:02"
100647,"2021-05-10","Urban","WI","Midwest",4077100,"Masonry","Apartment","Y","Y",178,"insurance_data_sample_1667864342.xlsx","2022-07-11 23:39:02"
100602,"2021-05-11","Rural","NY","East",1651300,"Frame","Farming","N","N",179,"insurance_data_sample_1667864342.xlsx","2022-07-11 23:39:02"
100672,"2021-05-11","Urban","VT","Northeast",2785000,"Frame","Organization","N","N",180,"insurance_data_sample_1667864342.xlsx","2022-07-11 23:39:02"
100600,"2021-05-12","Urban","WI","Midwest",3086048,"Frame","Hospitality","Y","Y",181,"insurance_data_sample_1667864342.xlsx","2022-07-11 23:39:02"
100655,"2021-05-12","Urban","NY","East",1974300,"Masonry","Organization","Y","Y",182,"insurance_data_sample_1667864342.xlsx","2022-07-11 23:39:02"
100671,"2021-05-12","Rural","NY","East",3660780,"Frame","Farming","N","N",183,"insurance_data_sample_1667864342.xlsx","2022-07-11 23:39:02"
100646,"2021-05-13","Urban","NY","East",2550000,"Frame","Apartment","Y","Y",184,"insurance_data_sample_1667864342.xlsx","2022-07-11 23:39:02"
100618,"2021-05-14","Urban","NY","East",2730000,"Metal Clad","Hospitality","Y","Y",185,"insurance_data_sample_1667864342.xlsx","2022-07-11 23:39:02"
100681,"2021-05-14","Urban","NY","East",963100,"Metal Clad","Apartment","Y","Y",186,"insurance_data_sample_1667864342.xlsx","2022-07-11 23:39:02"
100619,"2021-05-15","Rural","NY","East",1419500,"Frame","Farming","N","N",187,"insurance_data_sample_1667864342.xlsx","2022-07-11 23:39:02"
100627,"2021-05-16","Urban","NY","East",2758482,"Fire Resist","Apartment","Y","Y",188,"insurance_data_sample_1667864342.xlsx","2022-07-11 23:39:02"
100670,"2021-05-16","Urban","OH","Central",661900,"Frame","Apartment","N","N",189,"insurance_data_sample_1667864342.xlsx","2022-07-11 23:39:02"
100689,"2021-05-16","Urban","NY","East",19451600,"Frame","Office Bldg","Y","Y",190,"insurance_data_sample_1667864342.xlsx","2022-07-11 23:39:02"
100726,"2021-05-16","Urban","NY","East",1292345,"Frame","Office Bldg","N","N",191,"insurance_data_sample_1667864342.xlsx","2022-07-11 23:39:02"
100702,"2021-05-17","Urban","VT","Northeast",9702682,"Frame","Apartment","N","N",192,"insurance_data_sample_1667864342.xlsx","2022-07-11 23:39:02"
100703,"2021-05-17","Urban","NJ","East",10198700,"Fire Resist","Office Bldg","Y","Y",193,"insurance_data_sample_1667864342.xlsx","2022-07-11 23:39:02"
100635,"2021-05-18","Urban","MI","Central",714000,"Frame","Apartment","N","N",194,"insurance_data_sample_1667864342.xlsx","2022-07-11 23:39:02"
100736,"2021-05-18","Rural","VT","Northeast",2099525,"Frame","Farming","N","N",195,"insurance_data_sample_1667864342.xlsx","2022-07-11 23:39:02"
100737,"2021-05-18","Urban","NJ","East",16200000,"Frame","Office Bldg","Y","Y",196,"insurance_data_sample_1667864342.xlsx","2022-07-11 23:39:02"
100644,"2021-05-19","Urban","NY","East",2570600,"Masonry","Office Bldg","Y","Y",197,"insurance_data_sample_1667864342.xlsx","2022-07-11 23:39:02"
100643,"2021-05-20","Urban","NY","East",1280000,"Fire Resist","Hospitality","Y","Y",198,"insurance_data_sample_1667864342.xlsx","2022-07-11 23:39:02"
100698,"2021-05-20","Urban","NY","East",205000,"Fire Resist","Retail","N","N",199,"insurance_data_sample_1667864342.xlsx","2022-07-11 23:39:02"
100652,"2021-05-21","Urban","OH","Central",1760800,"Frame","Apartment","N","N",200,"insurance_data_sample_1667864342.xlsx","2022-07-11 23:39:02"
100653,"2021-05-21","Urban","NJ","East",2812559,"Frame","Farming","N","N",201,"insurance_data_sample_1667864342.xlsx","2022-07-11 23:39:02"
100705,"2021-05-21","Rural","NY","East",3943000,"Frame","Farming","N","N",202,"insurance_data_sample_1667864342.xlsx","2022-07-11 23:39:02"
100718,"2021-05-21","Urban","NY","East",3107790,"Masonry","Office Bldg","N","Y",203,"insurance_data_sample_1667864342.xlsx","2022-07-11 23:39:02"
100744,"2021-05-21","Urban","NY","East",9448200,"Frame","Apartment","Y","Y",204,"insurance_data_sample_1667864342.xlsx","2022-07-11 23:39:02"
100709,"2021-05-22","Rural","MI","Central",10617800,"Frame","Manufacturing","Y","Y",205,"insurance_data_sample_1667864342.xlsx","2022-07-11 23:39:02"
100749,"2021-05-22","Urban","NY","East",847300,"Frame","Apartment","Y","Y",206,"insurance_data_sample_1667864342.xlsx","2022-07-11 23:39:02"
100751,"2021-05-22","Urban","NJ","East",400000,"Masonry","Office Bldg","N","Y",207,"insurance_data_sample_1667864342.xlsx","2022-07-11 23:39:02"
100752,"2021-05-22","Urban","NY","East",363200,"Frame","Office Bldg","N","Y",208,"insurance_data_sample_1667864342.xlsx","2022-07-11 23:39:02"
100696,"2021-05-23","Urban","IL","Midwest",2922600,"Masonry","Apartment","Y","Y",209,"insurance_data_sample_1667864342.xlsx","2022-07-11 23:39:02"
100742,"2021-05-23","Urban","WI","Midwest",500500,"Masonry","Apartment","Y","Y",210,"insurance_data_sample_1667864342.xlsx","2022-07-11 23:39:02"
100666,"2021-05-24","Rural","NY","East",1927450,"Frame","Farming","N","N",211,"insurance_data_sample_1667864342.xlsx","2022-07-11 23:39:02"
100667,"2021-05-25","Rural","NY","East",2660299,"Frame","Farming","N","N",212,"insurance_data_sample_1667864342.xlsx","2022-07-11 23:39:02"
100740,"2021-05-25","Urban","WI","Midwest",3980100,"Masonry","Apartment","N","N",213,"insurance_data_sample_1667864342.xlsx","2022-07-11 23:39:02"
100757,"2021-05-25","Urban","WI","Midwest",2987000,"Masonry","Apartment","Y","Y",214,"insurance_data_sample_1667864342.xlsx","2022-07-11 23:39:02"
100750,"2021-05-27","Urban","VT","Northeast",16429900,"Frame","Apartment","Y","Y",215,"insurance_data_sample_1667864342.xlsx","2022-07-11 23:39:02"
100756,"2021-05-27","Urban","NY","East",16950000,"Frame","Apartment","Y","Y",216,"insurance_data_sample_1667864342.xlsx","2022-07-11 23:39:02"
100754,"2021-05-29","Urban","NY","East",36909180,"Metal Clad","Manufacturing","Y","Y",217,"insurance_data_sample_1667864342.xlsx","2022-07-11 23:39:02"
100764,"2021-05-29","Urban","NY","East",9600000,"Frame","Office Bldg","Y","N",218,"insurance_data_sample_1667864342.xlsx","2022-07-11 23:39:02"
100724,"2021-05-30","Urban","NY","East",22050000,"Frame","Office Bldg","Y","Y",219,"insurance_data_sample_1667864342.xlsx","2022-07-11 23:39:02"
100686,"2021-06-01","Urban","NY","East",3850000,"Frame","Construction","N","Y",220,"insurance_data_sample_1667864342.xlsx","2022-07-11 23:39:02"
100761,"2021-06-02","Urban","VT","Northeast",13514081,"Frame","Recreation","Y","Y",221,"insurance_data_sample_1667864342.xlsx","2022-07-11 23:39:02"
100695,"2021-06-03","Urban","NY","East",2000000,"Frame","Hospitality","Y","Y",222,"insurance_data_sample_1667864342.xlsx","2022-07-11 23:39:02"
100727,"2021-06-03","Rural","WI","Midwest",1658765,"Masonry","Farming","N","N",223,"insurance_data_sample_1667864342.xlsx","2022-07-11 23:39:02"
100777,"2021-06-03","Urban","OH","Central",8272853,"Masonry","Apartment","N","N",224,"insurance_data_sample_1667864342.xlsx","2022-07-11 23:39:02"
100774,"2021-06-04","Urban","NY","East",6750000,"Frame","Apartment","Y","Y",225,"insurance_data_sample_1667864342.xlsx","2022-07-11 23:39:02"
100720,"2021-06-05","Urban","IL","Midwest",7828000,"Masonry","Office Bldg","N","Y",226,"insurance_data_sample_1667864342.xlsx","2022-07-11 23:39:02"
100723,"2021-06-05","Urban","NJ","East",373500,"Frame","Office Bldg","N","N",227,"insurance_data_sample_1667864342.xlsx","2022-07-11 23:39:02"
100759,"2021-06-05","Urban","NY","East",17050000,"Frame","Office Bldg","Y","Y",228,"insurance_data_sample_1667864342.xlsx","2022-07-11 23:39:02"
100722,"2021-06-06","Rural","NY","East",1958400,"Frame","Farming","N","N",229,"insurance_data_sample_1667864342.xlsx","2022-07-11 23:39:02"
100731,"2021-06-06","Urban","NY","East",17746832,"Masonry","Apartment","Y","Y",230,"insurance_data_sample_1667864342.xlsx","2022-07-11 23:39:02"
100755,"2021-06-06","Urban","WI","Midwest",6040300,"Masonry","Apartment","Y","N",231,"insurance_data_sample_1667864342.xlsx","2022-07-11 23:39:02"
100745,"2021-06-07","Rural","WI","Midwest",2224219,"Frame","Farming","N","N",232,"insurance_data_sample_1667864342.xlsx","2022-07-11 23:39:02"
100746,"2021-06-07","Urban","NY","East",847300,"Frame","Office Bldg","Y","Y",233,"insurance_data_sample_1667864342.xlsx","2022-07-11 23:39:02"
100747,"2021-06-07","Urban","WI","Midwest",782428,"Masonry","Apartment","N","N",234,"insurance_data_sample_1667864342.xlsx","2022-07-11 23:39:02"
100780,"2021-06-08","Urban","NJ","East",299400,"Frame","Office Bldg","Y","N",235,"insurance_data_sample_1667864342.xlsx","2022-07-11 23:39:02"
100760,"2021-06-09","Urban","WI","Midwest",1397100,"Masonry","Office Bldg","Y","Y",236,"insurance_data_sample_1667864342.xlsx","2022-07-11 23:39:02"
100781,"2021-06-09","Urban","NY","East",1714835,"Frame","Apartment","N","N",237,"insurance_data_sample_1667864342.xlsx","2022-07-11 23:39:02"
100783,"2021-06-09","Urban","MI","Central",1991600,"Frame","Organization","N","N",238,"insurance_data_sample_1667864342.xlsx","2022-07-11 23:39:02"
100768,"2021-06-10","Urban","WI","Midwest",3701573,"Frame","Farming","N","N",239,"insurance_data_sample_1667864342.xlsx","2022-07-11 23:39:02"
100769,"2021-06-10","Urban","NJ","East",5460000,"Frame","Apartment","Y","Y",240,"insurance_data_sample_1667864342.xlsx","2022-07-11 23:39:02"
100775,"2021-06-10","Rural","NY","East",3136600,"Frame","Farming","N","N",241,"insurance_data_sample_1667864342.xlsx","2022-07-11 23:39:02"
100773,"2021-06-11","Urban","NY","East",1780000,"Frame","Hospitality","Y","Y",242,"insurance_data_sample_1667864342.xlsx","2022-07-11 23:39:02"
100789,"2021-08-26","Urban","NY","East",230000,"Frame","Manufacturing","Y","Y",243,"insurance_data_sample_1667864342.xlsx","2022-07-11 23:39:02"
100790,"2021-08-26","Urban","NJ","East",1463800,"Frame","Farming","Y","N",244,"insurance_data_sample_1667864342.xlsx","2022-07-11 23:39:02"
100792,"2021-08-26","Rural","VT","Northeast",3579800,"Metal Clad","Farming","N","N",245,"insurance_data_sample_1667864342.xlsx","2022-07-11 23:39:02"
100793,"2021-08-27","Urban","NY","East",1275600,"Frame","Apartment","N","Y",246,"insurance_data_sample_1667864342.xlsx","2022-07-11 23:39:02"
100797,"2021-08-29","Rural","NY","East",5781710,"Frame","Farming","N","N",247,"insurance_data_sample_1667864342.xlsx","2022-07-11 23:39:02"
100799,"2021-08-30","Urban","NH","Northeast",320000,"Masonry","Retail","N","N",248,"insurance_data_sample_1667864342.xlsx","2022-07-11 23:39:02"
100800,"2021-08-30","Urban","NY","East",1379400,"Frame","Apartment","N","N",249,"insurance_data_sample_1667864342.xlsx","2022-07-11 23:39:02"
100801,"2021-08-31","Rural","WI","Midwest",6385452,"Frame","Farming","Y","N",250,"insurance_data_sample_1667864342.xlsx","2022-07-11 23:39:02"
100803,"2021-08-31","Urban","WI","Midwest",4671000,"Masonry","Apartment","Y","Y",251,"insurance_data_sample_1667864342.xlsx","2022-07-11 23:39:02"
100805,"2021-09-01","Rural","NY","East",199000,"Frame","Retail","N","N",252,"insurance_data_sample_1667864342.xlsx","2022-07-11 23:39:02"
100808,"2021-09-02","Urban","WI","Midwest",2100000,"Frame","Apartment","N","N",253,"insurance_data_sample_1667864342.xlsx","2022-07-11 23:39:02"
100810,"2021-09-02","Urban","NY","East",1875000,"Masonry","Hospitality","Y","Y",254,"insurance_data_sample_1667864342.xlsx","2022-07-11 23:39:02"
100811,"2021-09-02","Rural","WI","Midwest",2201500,"Frame","Farming","N","N",255,"insurance_data_sample_1667864342.xlsx","2022-07-11 23:39:02"
100813,"2021-09-02","Urban","NY","East",1986100,"Frame","Apartment","N","N",256,"insurance_data_sample_1667864342.xlsx","2022-07-11 23:39:02"
100814,"2021-09-02","Urban","WI","Midwest",105000,"Masonry","Other","N","N",257,"insurance_data_sample_1667864342.xlsx","2022-07-11 23:39:02"
100817,"2021-09-03","Urban","NJ","East",3700000,"Masonry","Office Bldg","Y","Y",258,"insurance_data_sample_1667864342.xlsx","2022-07-11 23:39:02"
100818,"2021-09-03","Urban","IL","Midwest",29128000,"Fire Resist","Apartment","Y","Y",259,"insurance_data_sample_1667864342.xlsx","2022-07-11 23:39:02"
100819,"2021-09-05","Urban","VT","Northeast",10700000,"Frame","Hospitality","Y","Y",260,"insurance_data_sample_1667864342.xlsx","2022-07-11 23:39:02"
100821,"2021-09-05","Rural","WI","Midwest",1778600,"Frame","Farming","N","N",261,"insurance_data_sample_1667864342.xlsx","2022-07-11 23:39:02"
100822,"2021-09-06","Rural","NY","East",3866420,"Frame","Farming","N","N",262,"insurance_data_sample_1667864342.xlsx","2022-07-11 23:39:02"
100823,"2021-09-06","Urban","NY","East",1037500,"Frame","Manufacturing","N","N",263,"insurance_data_sample_1667864342.xlsx","2022-07-11 23:39:02"
100824,"2021-09-07","Rural","NY","East",2480800,"Frame","Farming","N","N",264,"insurance_data_sample_1667864342.xlsx","2022-07-11 23:39:02"
100825,"2021-09-07","Urban","WI","Midwest",578400,"Masonry","Office Bldg","N","N",265,"insurance_data_sample_1667864342.xlsx","2022-07-11 23:39:02"
100826,"2021-09-07","Urban","NY","East",3178400,"Frame","Office Bldg","Y","Y",266,"insurance_data_sample_1667864342.xlsx","2022-07-11 23:39:02"
100828,"2021-09-09","Urban","ME","Northeast",7150000,"Masonry","Apartment","Y","Y",267,"insurance_data_sample_1667864342.xlsx","2022-07-11 23:39:02"
100831,"2021-09-10","Urban","NJ","East",1604800,"Frame","Hospitality","Y","Y",268,"insurance_data_sample_1667864342.xlsx","2022-07-11 23:39:02"
100832,"2021-09-10","Urban","NY","East",18275350,"Frame","Office Bldg","Y","Y",269,"insurance_data_sample_1667864342.xlsx","2022-07-11 23:39:02"
100834,"2021-09-11","Urban","NY","East",710400,"Masonry","Office Bldg","N","N",270,"insurance_data_sample_1667864342.xlsx","2022-07-11 23:39:02"
100836,"2021-09-11","Urban","WI","Midwest",2205950,"Masonry","Apartment","N","N",271,"insurance_data_sample_1667864342.xlsx","2022-07-11 23:39:02"
100837,"2021-09-11","Urban","WI","Midwest",8166050,"Fire Resist","Apartment","N","Y",272,"insurance_data_sample_1667864342.xlsx","2022-07-11 23:39:02"
100838,"2021-09-11","Urban","WI","Midwest",3222081,"Masonry","Farming","N","N",273,"insurance_data_sample_1667864342.xlsx","2022-07-11 23:39:02"
100839,"2021-09-13","Urban","NJ","East",371600,"Frame","Hospitality","Y","N",274,"insurance_data_sample_1667864342.xlsx","2022-07-11 23:39:02"
100844,"2021-09-15","Urban","WI","Midwest",1365000,"Masonry","Hospitality","Y","Y",275,"insurance_data_sample_1667864342.xlsx","2022-07-11 23:39:02"
100845,"2021-09-15","Urban","NY","East",24000000,"Frame","Apartment","Y","Y",276,"insurance_data_sample_1667864342.xlsx","2022-07-11 23:39:02"
100846,"2021-09-15","Urban","NY","East",7700000,"Fire Resist","Construction","Y","Y",277,"insurance_data_sample_1667864342.xlsx","2022-07-11 23:39:02"
100850,"2021-09-16","Urban","IL","Midwest",4578800,"Frame","Farming","N","N",278,"insurance_data_sample_1667864342.xlsx","2022-07-11 23:39:02"
100854,"2021-09-21","Rural","VT","Northeast",2477200,"Frame","Farming","N","N",279,"insurance_data_sample_1667864342.xlsx","2022-07-11 23:39:02"
100856,"2021-09-22","Urban","NJ","East",3432600,"Frame","Office Bldg","Y","Y",280,"insurance_data_sample_1667864342.xlsx","2022-07-11 23:39:02"
100857,"2021-09-23","Rural","IL","Midwest",172100,"Frame","Farming","N","N",281,"insurance_data_sample_1667864342.xlsx","2022-07-11 23:39:02"
100859,"2021-09-23","Urban","NY","East",11147050,"Fire Resist","Apartment","Y","Y",282,"insurance_data_sample_1667864342.xlsx","2022-07-11 23:39:02"
100861,"2021-09-23","Urban","NY","East",2007000,"Frame","Office Bldg","Y","Y",283,"insurance_data_sample_1667864342.xlsx","2022-07-11 23:39:02"
100863,"2021-09-24","Urban","NY","East",9404500,"Frame","Apartment","Y","Y",284,"insurance_data_sample_1667864342.xlsx","2022-07-11 23:39:02"
100864,"2021-09-24","Urban","NY","East",5056900,"Fire Resist","Apartment","Y","Y",285,"insurance_data_sample_1667864342.xlsx","2022-07-11 23:39:02"
100868,"2021-09-26","Urban","WI","Midwest",4577032,"Frame","Farming","N","N",286,"insurance_data_sample_1667864342.xlsx","2022-07-11 23:39:02"
100869,"2021-09-26","Urban","NY","East",953100,"Metal Clad","Office Bldg","N","N",287,"insurance_data_sample_1667864342.xlsx","2022-07-11 23:39:02"
100870,"2021-09-27","Rural","NY","East",2562500,"Fire Resist","Manufacturing","N","N",288,"insurance_data_sample_1667864342.xlsx","2022-07-11 23:39:02"
100872,"2021-09-28","Urban","NY","East",6908000,"Frame","Office Bldg","Y","Y",289,"insurance_data_sample_1667864342.xlsx","2022-07-11 23:39:02"
100873,"2021-09-29","Urban","VT","Northeast",1588100,"Masonry","Recreation","N","N",290,"insurance_data_sample_1667864342.xlsx","2022-07-11 23:39:02"
100874,"2021-09-30","Urban","NY","East",311200,"Frame","Apartment","N","N",291,"insurance_data_sample_1667864342.xlsx","2022-07-11 23:39:02"
100875,"2021-10-01","Urban","NY","East",14850000,"Frame","Office Bldg","Y","Y",292,"insurance_data_sample_1667864342.xlsx","2022-07-11 23:39:02"
100876,"2021-10-01","Urban","NY","East",1557500,"Frame","Office Bldg","N","Y",293,"insurance_data_sample_1667864342.xlsx","2022-07-11 23:39:02"
100878,"2021-10-01","Urban","NY","East",4267000,"Frame","Office Bldg","Y","Y",294,"insurance_data_sample_1667864342.xlsx","2022-07-11 23:39:02"
100882,"2021-10-03","Urban","IL","Midwest",1702350,"Frame","Apartment","N","N",295,"insurance_data_sample_1667864342.xlsx","2022-07-11 23:39:02"
100883,"2021-10-04","Urban","NY","East",280600,"Frame","Office Bldg","N","N",296,"insurance_data_sample_1667864342.xlsx","2022-07-11 23:39:02"
100885,"2021-10-04","Urban","WI","Midwest",2025100,"Masonry","Office Bldg","N","N",297,"insurance_data_sample_1667864342.xlsx","2022-07-11 23:39:02"
100886,"2021-10-04","Urban","NY","East",6748000,"Frame","Apartment","Y","Y",298,"insurance_data_sample_1667864342.xlsx","2022-07-11 23:39:02"
100887,"2021-10-05","Urban","WI","Midwest",2067500,"Fire Resist","Service","Y","Y",299,"insurance_data_sample_1667864342.xlsx","2022-07-11 23:39:02"
100889,"2021-10-05","Urban","NY","East",3235700,"Frame","Apartment","Y","Y",300,"insurance_data_sample_1667864342.xlsx","2022-07-11 23:39:02"
100894,"2021-10-07","Urban","NY","East",2356100,"Frame","Hospitality","Y","Y",301,"insurance_data_sample_1667864342.xlsx","2022-07-11 23:39:02"
100895,"2021-10-07","Urban","NY","East",7932500,"Frame","Apartment","Y","Y",302,"insurance_data_sample_1667864342.xlsx","2022-07-11 23:39:02"
100898,"2021-10-10","Urban","NY","East",1851125,"Frame","Office Bldg","N","N",303,"insurance_data_sample_1667864342.xlsx","2022-07-11 23:39:02"
100900,"2021-10-11","Urban","NY","East",8345500,"Frame","Apartment","Y","Y",304,"insurance_data_sample_1667864342.xlsx","2022-07-11 23:39:02"
100901,"2021-10-11","Urban","NY","East",2400000,"Frame","Construction","Y","Y",305,"insurance_data_sample_1667864342.xlsx","2022-07-11 23:39:02"
100903,"2021-10-12","Urban","WI","Midwest",1675000,"Frame","Hospitality","Y","Y",306,"insurance_data_sample_1667864342.xlsx","2022-07-11 23:39:02"
100904,"2021-10-13","Urban","NH","Northeast",145680,"Frame","Office Bldg","N","N",307,"insurance_data_sample_1667864342.xlsx","2022-07-11 23:39:02"
100908,"2021-10-14","Urban","NY","East",13900000,"Frame","Office Bldg","Y","Y",308,"insurance_data_sample_1667864342.xlsx","2022-07-11 23:39:02"
100909,"2021-10-14","Urban","NY","East",13575000,"Frame","Office Bldg","Y","Y",309,"insurance_data_sample_1667864342.xlsx","2022-07-11 23:39:02"
100910,"2021-10-14","Urban","NY","East",5950500,"Metal Clad","Office Bldg","Y","Y",310,"insurance_data_sample_1667864342.xlsx","2022-07-11 23:39:02"
100912,"2021-10-15","Urban","OH","Central",1569440,"Masonry","Organization","N","N",311,"insurance_data_sample_1667864342.xlsx","2022-07-11 23:39:02"
100215,"2021-10-17","Urban","NY","East",2131900,"Masonry","Retail","N","N",312,"insurance_data_sample_1667864342.xlsx","2022-07-11 23:39:02"
100914,"2021-10-17","Urban","WI","Midwest",631410,"Frame","Farming","N","N",313,"insurance_data_sample_1667864342.xlsx","2022-07-11 23:39:02"
100916,"2021-10-18","Urban","NY","East",1856637,"Masonry","Hospitality","Y","Y",314,"insurance_data_sample_1667864342.xlsx","2022-07-11 23:39:02"
100919,"2021-10-20","Urban","WI","Midwest",2321900,"Frame","Manufacturing","N","N",315,"insurance_data_sample_1667864342.xlsx","2022-07-11 23:39:02"
100920,"2021-10-20","Urban","NJ","East",4726686,"Frame","Farming","Y","N",316,"insurance_data_sample_1667864342.xlsx","2022-07-11 23:39:02"
100228,"2021-10-21","Urban","ME","Northeast",1444255,"Frame","Organization","N","N",317,"insurance_data_sample_1667864342.xlsx","2022-07-11 23:39:02"
100923,"2021-10-21","Urban","NY","East",1830900,"Frame","Office Bldg","N","N",318,"insurance_data_sample_1667864342.xlsx","2022-07-11 23:39:02"
100927,"2021-10-22","Urban","VT","Northeast",1325200,"Frame","Organization","N","N",319,"insurance_data_sample_1667864342.xlsx","2022-07-11 23:39:02"
100928,"2021-10-22","Urban","NY","East",1267625,"Frame","Office Bldg","N","N",320,"insurance_data_sample_1667864342.xlsx","2022-07-11 23:39:02"
100929,"2021-10-22","Rural","NY","East",3409000,"Metal Clad","Farming","N","N",321,"insurance_data_sample_1667864342.xlsx","2022-07-11 23:39:02"
100214,"2021-10-23","Urban","NY","East",33250000,"Frame","Apartment","Y","Y",322,"insurance_data_sample_1667864342.xlsx","2022-07-11 23:39:02"
100932,"2021-10-23","Urban","NJ","East",320100,"Frame","Apartment","N","N",323,"insurance_data_sample_1667864342.xlsx","2022-07-11 23:39:02"
100933,"2021-10-23","Urban","WI","Midwest",275000,"Masonry","Apartment","N","N",324,"insurance_data_sample_1667864342.xlsx","2022-07-11 23:39:02"
100934,"2021-10-24","Urban","WI","Midwest",1519100,"Masonry","Apartment","N","N",325,"insurance_data_sample_1667864342.xlsx","2022-07-11 23:39:02"
100936,"2021-10-26","Rural","IL","Midwest",2182250,"Frame","Farming","N","N",326,"insurance_data_sample_1667864342.xlsx","2022-07-11 23:39:02"
100250,"2021-10-27","Rural","WI","Midwest",4328620,"Frame","Farming","N","N",327,"insurance_data_sample_1667864342.xlsx","2022-07-11 23:39:02"
100939,"2021-10-27","Urban","NJ","East",1840000,"Masonry","Apartment","N","N",328,"insurance_data_sample_1667864342.xlsx","2022-07-11 23:39:02"
100940,"2021-10-28","Urban","NY","East",21250000,"Frame","Office Bldg","Y","Y",329,"insurance_data_sample_1667864342.xlsx","2022-07-11 23:39:02"
100941,"2021-10-28","Rural","NY","East",2534633,"Frame","Farming","N","N",330,"insurance_data_sample_1667864342.xlsx","2022-07-11 23:39:02"
100942,"2021-10-28","Urban","NY","East",2494300,"Frame","Apartment","Y","Y",331,"insurance_data_sample_1667864342.xlsx","2022-07-11 23:39:02"
100943,"2021-10-28","Urban","NY","East",2562500,"Frame","Apartment","Y","Y",332,"insurance_data_sample_1667864342.xlsx","2022-07-11 23:39:02"
100227,"2021-10-29","Urban","WI","Midwest",685000,"Masonry","Hospitality","Y","Y",333,"insurance_data_sample_1667864342.xlsx","2022-07-11 23:39:02"
100945,"2021-10-29","Urban","NY","East",503000,"Masonry","Hospitality","N","Y",334,"insurance_data_sample_1667864342.xlsx","2022-07-11 23:39:02"
100947,"2021-10-29","Urban","NY","East",10259600,"Frame","Apartment","Y","Y",335,"insurance_data_sample_1667864342.xlsx","2022-07-11 23:39:02"
100226,"2021-10-30","Urban","NY","East",3798400,"Metal Clad","Office Bldg","Y","Y",336,"insurance_data_sample_1667864342.xlsx","2022-07-11 23:39:02"
100948,"2021-10-30","Urban","NJ","East",2269865,"Masonry","Retail","Y","Y",337,"insurance_data_sample_1667864342.xlsx","2022-07-11 23:39:02"
100950,"2021-10-31","Urban","NY","East",2363700,"Frame","Farming","N","N",338,"insurance_data_sample_1667864342.xlsx","2022-07-11 23:39:02"
100249,"2021-11-01","Urban","WI","Midwest",1960200,"Masonry","Farming","N","N",339,"insurance_data_sample_1667864342.xlsx","2022-07-11 23:39:02"
100952,"2021-11-01","Urban","IL","Midwest",16833800,"Fire Resist","Apartment","Y","Y",340,"insurance_data_sample_1667864342.xlsx","2022-07-11 23:39:02"
100953,"2021-11-01","Rural","NY","East",4127900,"Metal Clad","Farming","N","N",341,"insurance_data_sample_1667864342.xlsx","2022-07-11 23:39:02"
100955,"2021-11-03","Urban","NJ","East",2753500,"Masonry","Office Bldg","Y","Y",342,"insurance_data_sample_1667864342.xlsx","2022-07-11 23:39:02"
100287,"2021-11-04","Urban","NY","East",10518041,"Frame","Office Bldg","Y","Y",343,"insurance_data_sample_1667864342.xlsx","2022-07-11 23:39:02"
100956,"2021-11-04","Urban","NJ","East",1554500,"Frame","Farming","N","N",344,"insurance_data_sample_1667864342.xlsx","2022-07-11 23:39:02"
100959,"2021-11-05","Urban","NJ","East",1115870,"Frame","Farming","Y","N",345,"insurance_data_sample_1667864342.xlsx","2022-07-11 23:39:02"
100261,"2021-11-06","Urban","NY","East",15625000,"Frame","Office Bldg","Y","Y",346,"insurance_data_sample_1667864342.xlsx","2022-07-11 23:39:02"
100961,"2021-11-06","Urban","IL","Midwest",787500,"Frame","Apartment","N","N",347,"insurance_data_sample_1667864342.xlsx","2022-07-11 23:39:02"
100962,"2021-11-07","Urban","NY","East",15750000,"Masonry","Apartment","Y","Y",348,"insurance_data_sample_1667864342.xlsx","2022-07-11 23:39:02"
100966,"2021-11-07","Urban","OH","Central",320000,"Masonry","Retail","N","N",349,"insurance_data_sample_1667864342.xlsx","2022-07-11 23:39:02"
100969,"2021-11-09","Rural","WI","Midwest",2611400,"Frame","Farming","N","N",350,"insurance_data_sample_1667864342.xlsx","2022-07-11 23:39:02"
100972,"2021-11-09","Rural","NY","East",2398000,"Metal Clad","Farming","N","N",351,"insurance_data_sample_1667864342.xlsx","2022-07-11 23:39:02"
100974,"2021-11-10","Urban","NJ","East",2329942,"Frame","Farming","Y","N",352,"insurance_data_sample_1667864342.xlsx","2022-07-11 23:39:02"
100975,"2021-11-10","Urban","MN","Midwest",1305100,"Frame","Apartment","Y","Y",353,"insurance_data_sample_1667864342.xlsx","2022-07-11 23:39:02"
100977,"2021-11-10","Rural","NY","East",4981500,"Frame","Farming","N","N",354,"insurance_data_sample_1667864342.xlsx","2022-07-11 23:39:02"
100978,"2021-11-10","Urban","NY","East",535000,"Fire Resist","Retail","N","N",355,"insurance_data_sample_1667864342.xlsx","2022-07-11 23:39:02"
100981,"2021-11-10","Urban","NY","East",10397500,"Frame","Apartment","Y","Y",356,"insurance_data_sample_1667864342.xlsx","2022-07-11 23:39:02"
100240,"2021-11-11","Urban","NJ","East",2003000,"Masonry","Apartment","Y","Y",357,"insurance_data_sample_1667864342.xlsx","2022-07-11 23:39:02"
100982,"2021-11-11","Urban","NY","East",10808800,"Frame","Office Bldg","Y","Y",358,"insurance_data_sample_1667864342.xlsx","2022-07-11 23:39:02"
100983,"2021-11-11","Urban","NY","East",1962400,"Frame","Apartment","N","N",359,"insurance_data_sample_1667864342.xlsx","2022-07-11 23:39:02"
100239,"2021-11-12","Urban","NJ","East",2423500,"Frame","Apartment","Y","Y",360,"insurance_data_sample_1667864342.xlsx","2022-07-11 23:39:02"
100985,"2021-11-12","Rural","NY","East",3067800,"Frame","Farming","N","N",361,"insurance_data_sample_1667864342.xlsx","2022-07-11 23:39:02"
100237,"2021-11-13","Urban","OH","Central",1202090,"Frame","Organization","N","N",362,"insurance_data_sample_1667864342.xlsx","2022-07-11 23:39:02"
100238,"2021-11-13","Urban","NJ","East",3062000,"Frame","Apartment","Y","Y",363,"insurance_data_sample_1667864342.xlsx","2022-07-11 23:39:02"
100986,"2021-11-13","Urban","NY","East",2815900,"Metal Clad","Manufacturing","N","N",364,"insurance_data_sample_1667864342.xlsx","2022-07-11 23:39:02"
100987,"2021-11-13","Urban","ME","Northeast",790000,"Masonry","Apartment","N","N",365,"insurance_data_sample_1667864342.xlsx","2022-07-11 23:39:02"
100988,"2021-11-13","Urban","NJ","East",1975000,"Fire Resist","Hospitality","Y","Y",366,"insurance_data_sample_1667864342.xlsx","2022-07-11 23:39:02"
100260,"2021-11-14","Urban","WI","Midwest",2070000,"Masonry","Apartment","N","N",367,"insurance_data_sample_1667864342.xlsx","2022-07-11 23:39:02"
100302,"2021-11-14","Urban","NY","East",847300,"Frame","Apartment","Y","Y",368,"insurance_data_sample_1667864342.xlsx","2022-07-11 23:39:02"
100274,"2021-11-15","Urban","NY","East",2029750,"Frame","Apartment","N","N",369,"insurance_data_sample_1667864342.xlsx","2022-07-11 23:39:02"
100209,"2021-11-16","Rural","NY","East",2636313,"Frame","Farming","N","N",370,"insurance_data_sample_1667864342.xlsx","2022-07-11 23:39:02"
100991,"2021-11-16","Urban","NY","East",2080000,"Masonry","Hospitality","Y","Y",371,"insurance_data_sample_1667864342.xlsx","2022-07-11 23:39:02"
100992,"2021-11-16","Urban","NJ","East",205000,"Fire Resist","Retail","Y","Y",372,"insurance_data_sample_1667864342.xlsx","2022-07-11 23:39:02"
100993,"2021-11-16","Urban","NJ","East",1936200,"Frame","Farming","N","N",373,"insurance_data_sample_1667864342.xlsx","2022-07-11 23:39:02"
100994,"2021-11-17","Urban","WI","Midwest",1403100,"Frame","Medical","N","N",374,"insurance_data_sample_1667864342.xlsx","2022-07-11 23:39:02"
100259,"2021-11-18","Urban","MI","Central",315000,"Frame","Apartment","N","N",375,"insurance_data_sample_1667864342.xlsx","2022-07-11 23:39:02"
100273,"2021-11-19","Urban","NY","East",2000000,"Masonry","Apartment","Y","Y",376,"insurance_data_sample_1667864342.xlsx","2022-07-11 23:39:02"
100996,"2021-11-19","Urban","NY","East",9900000,"Frame","Apartment","Y","Y",377,"insurance_data_sample_1667864342.xlsx","2022-07-11 23:39:02"
100998,"2021-11-19","Urban","MI","Central",3255300,"Frame","Hospitality","N","N",378,"insurance_data_sample_1667864342.xlsx","2022-07-11 23:39:02"
100999,"2021-11-19","Rural","NY","East",4477175,"Frame","Farming","Y","N",379,"insurance_data_sample_1667864342.xlsx","2022-07-11 23:39:02"
101000,"2021-11-19","Urban","NY","East",2395000,"Frame","Hospitality","N","Y",380,"insurance_data_sample_1667864342.xlsx","2022-07-11 23:39:02"
100257,"2021-11-20","Urban","NY","East",5550000,"Fire Resist","Apartment","Y","Y",381,"insurance_data_sample_1667864342.xlsx","2022-07-11 23:39:02"
100258,"2021-11-21","Urban","NY","East",1922800,"Metal Clad","Office Bldg","Y","Y",382,"insurance_data_sample_1667864342.xlsx","2022-07-11 23:39:02"
101003,"2021-11-21","Urban","NJ","East",3028850,"Frame","Farming","Y","N",383,"insurance_data_sample_1667864342.xlsx","2022-07-11 23:39:02"
101005,"2021-11-21","Rural","NY","East",10811785,"Metal Clad","Retail","N","N",384,"insurance_data_sample_1667864342.xlsx","2022-07-11 23:39:02"
100208,"2021-11-22","Urban","NY","East",30000,"Fire Resist","Service","Y","Y",385,"insurance_data_sample_1667864342.xlsx","2022-07-11 23:39:02"
101008,"2021-11-22","Urban","NY","East",15700000,"Frame","Office Bldg","Y","Y",386,"insurance_data_sample_1667864342.xlsx","2022-07-11 23:39:02"
101009,"2021-11-22","Urban","WI","Midwest",5503255,"Masonry","Office Bldg","N","N",387,"insurance_data_sample_1667864342.xlsx","2022-07-11 23:39:02"
100307,"2021-11-23","Urban","WI","Midwest",5015000,"Masonry","Manufacturing","N","N",388,"insurance_data_sample_1667864342.xlsx","2022-07-11 23:39:02"
101011,"2021-11-23","Urban","MI","Central",601000,"Frame","Other","N","N",389,"insurance_data_sample_1667864342.xlsx","2022-07-11 23:39:02"
101012,"2021-11-24","Urban","NJ","East",1563500,"Frame","Retail","Y","Y",390,"insurance_data_sample_1667864342.xlsx","2022-07-11 23:39:02"
100271,"2021-11-25","Rural","NY","East",10979275,"Frame","Farming","N","N",391,"insurance_data_sample_1667864342.xlsx","2022-07-11 23:39:02"
100301,"2021-11-25","Urban","NY","East",6198000,"Frame","Office Bldg","Y","Y",392,"insurance_data_sample_1667864342.xlsx","2022-07-11 23:39:02"
101016,"2021-11-25","Urban","WI","Midwest",504000,"Frame","Apartment","N","N",393,"insurance_data_sample_1667864342.xlsx","2022-07-11 23:39:02"
101019,"2021-11-26","Urban","WI","Midwest",2211300,"Masonry","Service","Y","Y",394,"insurance_data_sample_1667864342.xlsx","2022-07-11 23:39:02"
100336,"2021-11-27","Rural","VT","Northeast",6000902,"Frame","Farming","Y","Y",395,"insurance_data_sample_1667864342.xlsx","2022-07-11 23:39:02"
101023,"2021-11-27","Urban","NY","East",660473,"Frame","Apartment","N","N",396,"insurance_data_sample_1667864342.xlsx","2022-07-11 23:39:02"
101024,"2021-11-27","Urban","NJ","East",4978985,"Frame","Farming","Y","N",397,"insurance_data_sample_1667864342.xlsx","2022-07-11 23:39:02"
100206,"2021-11-28","Urban","NY","East",5213100,"Frame","Apartment","Y","Y",398,"insurance_data_sample_1667864342.xlsx","2022-07-11 23:39:02"
100286,"2021-11-28","Rural","NY","East",2336132,"Metal Clad","Farming","N","N",399,"insurance_data_sample_1667864342.xlsx","2022-07-11 23:39:02"
100324,"2021-11-28","Urban","NJ","East",6253000,"Frame","Apartment","Y","Y",400,"insurance_data_sample_1667864342.xlsx","2022-07-11 23:39:02"
100334,"2021-11-28","Urban","NY","East",1500000,"Fire Resist","Hospitality","Y","Y",401,"insurance_data_sample_1667864342.xlsx","2022-07-11 23:39:02"
100335,"2021-11-28","Rural","WI","Midwest",2984500,"Metal Clad","Farming","N","N",402,"insurance_data_sample_1667864342.xlsx","2022-07-11 23:39:02"
101025,"2021-11-28","Urban","WI","Midwest",2502600,"Masonry","Apartment","Y","Y",403,"insurance_data_sample_1667864342.xlsx","2022-07-11 23:39:02"
101029,"2021-11-28","Urban","NY","East",8115500,"Fire Resist","Apartment","Y","Y",404,"insurance_data_sample_1667864342.xlsx","2022-07-11 23:39:02"
101031,"2021-11-29","Rural","NY","East",2162291,"Frame","Farming","N","N",405,"insurance_data_sample_1667864342.xlsx","2022-07-11 23:39:02"
100205,"2021-11-30","Rural","WI","Midwest",4064995,"Masonry","Farming","N","N",406,"insurance_data_sample_1667864342.xlsx","2022-07-11 23:39:02"
100222,"2021-11-30","Rural","NY","East",3295800,"Frame","Farming","N","N",407,"insurance_data_sample_1667864342.xlsx","2022-07-11 23:39:02"
101034,"2021-11-30","Urban","NY","East",9710700,"Frame","Apartment","Y","Y",408,"insurance_data_sample_1667864342.xlsx","2022-07-11 23:39:02"
100221,"2021-12-01","Urban","NY","East",2350000,"Masonry","Apartment","Y","Y",409,"insurance_data_sample_1667864342.xlsx","2022-07-11 23:39:02"
100246,"2021-12-01","Urban","NJ","East",1807440,"Frame","Organization","Y","Y",410,"insurance_data_sample_1667864342.xlsx","2022-07-11 23:39:02"
100298,"2021-12-01","Urban","WI","Midwest",3175400,"Masonry","Office Bldg","Y","Y",411,"insurance_data_sample_1667864342.xlsx","2022-07-11 23:39:02"
101035,"2021-12-01","Urban","WI","Midwest",3741300,"Fire Resist","Apartment","Y","Y",412,"insurance_data_sample_1667864342.xlsx","2022-07-11 23:39:02"
100333,"2021-12-02","Rural","NY","East",2806200,"Frame","Farming","N","N",413,"insurance_data_sample_1667864342.xlsx","2022-07-11 23:39:02"
101036,"2021-12-02","Urban","VT","Northeast",6169400,"Frame","Apartment","Y","Y",414,"insurance_data_sample_1667864342.xlsx","2022-07-11 23:39:02"
101037,"2021-12-02","Urban","NY","East",2325718,"Metal Clad","Manufacturing","N","N",415,"insurance_data_sample_1667864342.xlsx","2022-07-11 23:39:02"
101039,"2021-12-03","Urban","NY","East",245000,"Frame","Service","N","N",416,"insurance_data_sample_1667864342.xlsx","2022-07-11 23:39:02"
101042,"2021-12-03","Urban","WI","Midwest",4201800,"Frame","Farming","N","N",417,"insurance_data_sample_1667864342.xlsx","2022-07-11 23:39:02"
101043,"2021-12-04","Rural","WI","Midwest",2820265,"Frame","Farming","N","N",418,"insurance_data_sample_1667864342.xlsx","2022-07-11 23:39:02"
101044,"2021-12-04","Urban","NY","East",12220000,"Frame","Office Bldg","Y","Y",419,"insurance_data_sample_1667864342.xlsx","2022-07-11 23:39:02"
100219,"2021-12-05","Urban","NY","East",1144300,"Frame","Apartment","Y","Y",420,"insurance_data_sample_1667864342.xlsx","2022-07-11 23:39:02"
100220,"2021-12-05","Urban","NY","East",4530000,"Frame","Apartment","Y","Y",421,"insurance_data_sample_1667864342.xlsx","2022-07-11 23:39:02"
100235,"2021-12-05","Urban","ME","Northeast",552300,"Frame","Apartment","N","N",422,"insurance_data_sample_1667864342.xlsx","2022-07-11 23:39:02"
100300,"2021-12-05","Urban","NY","East",2000300,"Masonry","Office Bldg","N","N",423,"insurance_data_sample_1667864342.xlsx","2022-07-11 23:39:02"
101046,"2021-12-05","Urban","NJ","East",3990000,"Frame","Apartment","Y","Y",424,"insurance_data_sample_1667864342.xlsx","2022-07-11 23:39:02"
100366,"2021-12-07","Urban","NJ","East",5850000,"Frame","Apartment","Y","Y",425,"insurance_data_sample_1667864342.xlsx","2022-07-11 23:39:02"
101052,"2021-12-07","Urban","NJ","East",6250000,"Frame","Apartment","Y","Y",426,"insurance_data_sample_1667864342.xlsx","2022-07-11 23:39:02"
101053,"2021-12-07","Urban","NH","Northeast",1327600,"Frame","Apartment","N","N",427,"insurance_data_sample_1667864342.xlsx","2022-07-11 23:39:02"
101054,"2021-12-07","Urban","NY","East",1510000,"Masonry","Hospitality","N","N",428,"insurance_data_sample_1667864342.xlsx","2022-07-11 23:39:02"
100234,"2021-12-08","Urban","NY","East",3871000,"Frame","Apartment","Y","Y",429,"insurance_data_sample_1667864342.xlsx","2022-07-11 23:39:02"
100269,"2021-12-09","Urban","NY","East",513300,"Frame","Apartment","N","N",430,"insurance_data_sample_1667864342.xlsx","2022-07-11 23:39:02"
100317,"2021-12-09","Rural","NY","East",2943800,"Frame","Farming","N","N",431,"insurance_data_sample_1667864342.xlsx","2022-07-11 23:39:02"
100318,"2021-12-09","Urban","WI","Midwest",3952500,"Masonry","Manufacturing","Y","Y",432,"insurance_data_sample_1667864342.xlsx","2022-07-11 23:39:02"
100319,"2021-12-09","Urban","NY","East",8923000,"Frame","Apartment","Y","Y",433,"insurance_data_sample_1667864342.xlsx","2022-07-11 23:39:02"
101058,"2021-12-09","Urban","WI","Midwest",2900000,"Fire Resist","Apartment","Y","Y",434,"insurance_data_sample_1667864342.xlsx","2022-07-11 23:39:02"
101061,"2021-12-09","Urban","NY","East",6450000,"Frame","Office Bldg","Y","Y",435,"insurance_data_sample_1667864342.xlsx","2022-07-11 23:39:02"
100365,"2021-12-10","Urban","NY","East",4479400,"Frame","Apartment","N","N",436,"insurance_data_sample_1667864342.xlsx","2022-07-11 23:39:02"
100374,"2021-12-11","Urban","WI","Midwest",2030600,"Frame","Farming","N","N",437,"insurance_data_sample_1667864342.xlsx","2022-07-11 23:39:02"
101066,"2021-12-11","Rural","NY","East",2013357,"Frame","Farming","N","N",438,"insurance_data_sample_1667864342.xlsx","2022-07-11 23:39:02"
101067,"2021-12-11","Rural","NY","East",4017155,"Frame","Farming","N","N",439,"insurance_data_sample_1667864342.xlsx","2022-07-11 23:39:02"
101068,"2021-12-11","Urban","NY","East",11650000,"Frame","Office Bldg","Y","Y",440,"insurance_data_sample_1667864342.xlsx","2022-07-11 23:39:02"
100244,"2021-12-12","Urban","NY","East",9250000,"Frame","Apartment","Y","Y",441,"insurance_data_sample_1667864342.xlsx","2022-07-11 23:39:02"
101069,"2021-12-12","Rural","VT","Northeast",2198800,"Frame","Farming","N","N",442,"insurance_data_sample_1667864342.xlsx","2022-07-11 23:39:02"
101070,"2021-12-12","Rural","NY","East",3553009,"Frame","Farming","N","N",443,"insurance_data_sample_1667864342.xlsx","2022-07-11 23:39:02"
101071,"2021-12-12","Urban","WI","Midwest",1063100,"Masonry","Apartment","Y","Y",444,"insurance_data_sample_1667864342.xlsx","2022-07-11 23:39:02"
101073,"2021-12-13","Urban","NY","East",2854500,"Masonry","Apartment","Y","Y",445,"insurance_data_sample_1667864342.xlsx","2022-07-11 23:39:02"
101074,"2021-12-13","Urban","NJ","East",3356200,"Masonry","Construction","Y","Y",446,"insurance_data_sample_1667864342.xlsx","2022-07-11 23:39:02"
100364,"2021-12-14","Rural","NY","East",1882600,"Frame","Farming","N","N",447,"insurance_data_sample_1667864342.xlsx","2022-07-11 23:39:02"
101075,"2021-12-14","Rural","NY","East",2393232,"Frame","Farming","N","N",448,"insurance_data_sample_1667864342.xlsx","2022-07-11 23:39:02"
101076,"2021-12-14","Urban","NY","East",14678200,"Frame","Office Bldg","Y","Y",449,"insurance_data_sample_1667864342.xlsx","2022-07-11 23:39:02"
100218,"2021-12-17","Rural","NY","East",5017360,"Frame","Farming","N","N",450,"insurance_data_sample_1667864342.xlsx","2022-07-11 23:39:02"
101083,"2021-12-18","Urban","NY","East",2625000,"Frame","Apartment","Y","Y",451,"insurance_data_sample_1667864342.xlsx","2022-07-11 23:39:02"
101088,"2021-12-19","Urban","NY","East",285700,"Frame","Office Bldg","N","N",452,"insurance_data_sample_1667864342.xlsx","2022-07-11 23:39:02"
101089,"2021-12-19","Urban","NY","East",275000,"Fire Resist","Retail","Y","N",453,"insurance_data_sample_1667864342.xlsx","2022-07-11 23:39:02"
101090,"2021-12-19","Urban","NY","East",10396250,"Frame","Office Bldg","Y","Y",454,"insurance_data_sample_1667864342.xlsx","2022-07-11 23:39:02"
101091,"2021-12-19","Urban","NY","East",27208210,"Fire Resist","Apartment","Y","Y",455,"insurance_data_sample_1667864342.xlsx","2022-07-11 23:39:02"
101092,"2021-12-19","Urban","WI","Midwest",1740000,"Masonry","Office Bldg","N","N",456,"insurance_data_sample_1667864342.xlsx","2022-07-11 23:39:02"
101093,"2021-12-19","Rural","WI","Midwest",2464755,"Metal Clad","Farming","N","N",457,"insurance_data_sample_1667864342.xlsx","2022-07-11 23:39:02"
100347,"2021-12-20","Urban","NY","East",535000,"Frame","Office Bldg","N","N",458,"insurance_data_sample_1667864342.xlsx","2022-07-11 23:39:02"
101094,"2021-12-20","Urban","NJ","East",2837500,"Frame","Manufacturing","Y","Y",459,"insurance_data_sample_1667864342.xlsx","2022-07-11 23:39:02"
100204,"2021-12-21","Urban","WI","Midwest",1400000,"Masonry","Organization","N","N",460,"insurance_data_sample_1667864342.xlsx","2022-07-11 23:39:02"
100344,"2021-12-21","Urban","WI","Midwest",1711268,"Frame","Manufacturing","N","N",461,"insurance_data_sample_1667864342.xlsx","2022-07-11 23:39:02"
100346,"2021-12-21","Urban","NY","East",1780000,"Masonry","Hospitality","Y","Y",462,"insurance_data_sample_1667864342.xlsx","2022-07-11 23:39:02"
100391,"2021-12-21","Urban","NY","East",10746600,"Frame","Apartment","Y","Y",463,"insurance_data_sample_1667864342.xlsx","2022-07-11 23:39:02"
101096,"2021-12-21","Urban","NY","East",645000,"Fire Resist","Retail","N","N",464,"insurance_data_sample_1667864342.xlsx","2022-07-11 23:39:02"
100203,"2021-12-22","Rural","NY","East",3724339,"Frame","Farming","N","N",465,"insurance_data_sample_1667864342.xlsx","2022-07-11 23:39:02"
100231,"2021-12-22","Urban","NY","East",12493000,"Frame","Apartment","Y","Y",466,"insurance_data_sample_1667864342.xlsx","2022-07-11 23:39:02"
101098,"2021-12-22","Urban","WI","Midwest",539040,"Frame","Retail","N","N",467,"insurance_data_sample_1667864342.xlsx","2022-07-11 23:39:02"
101100,"2021-12-22","Urban","NY","East",2159000,"Frame","Retail","N","N",468,"insurance_data_sample_1667864342.xlsx","2022-07-11 23:39:02"
100202,"2021-12-23","Urban","NJ","East",3750000,"Frame","Apartment","Y","Y",469,"insurance_data_sample_1667864342.xlsx","2022-07-11 23:39:02"
100217,"2021-12-23","Rural","NY","East",100000,"Metal Clad","Farming","N","N",470,"insurance_data_sample_1667864342.xlsx","2022-07-11 23:39:02"
101102,"2021-12-23","Rural","NY","East",1121600,"Metal Clad","Farming","N","N",471,"insurance_data_sample_1667864342.xlsx","2022-07-11 23:39:02"
100305,"2021-12-24","Urban","NY","East",9000000,"Fire Resist","Apartment","Y","Y",472,"insurance_data_sample_1667864342.xlsx","2022-07-11 23:39:02"
101104,"2021-12-24","Urban","NY","East",292200,"Frame","Apartment","Y","Y",473,"insurance_data_sample_1667864342.xlsx","2022-07-11 23:39:02"
101105,"2021-12-24","Urban","NH","Northeast",345000,"Metal Clad","Retail","N","N",474,"insurance_data_sample_1667864342.xlsx","2022-07-11 23:39:02"
100201,"2021-12-25","Urban","NY","East",11575700,"Frame","Apartment","Y","Y",475,"insurance_data_sample_1667864342.xlsx","2022-07-11 23:39:02"
100230,"2021-12-25","Urban","OH","Central",608500,"Frame","Apartment","N","N",476,"insurance_data_sample_1667864342.xlsx","2022-07-11 23:39:02"
100295,"2021-12-25","Urban","NJ","East",5114500,"Frame","Office Bldg","Y","Y",477,"insurance_data_sample_1667864342.xlsx","2022-07-11 23:39:02"
100360,"2021-12-25","Urban","WI","Midwest",4822450,"Masonry","Office Bldg","Y","Y",478,"insurance_data_sample_1667864342.xlsx","2022-07-11 23:39:02"
100361,"2021-12-25","Urban","NY","East",1125600,"Masonry","Apartment","N","N",479,"insurance_data_sample_1667864342.xlsx","2022-07-11 23:39:02"
101107,"2021-12-25","Urban","NY","East",9377600,"Frame","Apartment","Y","Y",480,"insurance_data_sample_1667864342.xlsx","2022-07-11 23:39:02"
101109,"2021-12-25","Rural","NY","East",3920500,"Frame","Farming","N","N",481,"insurance_data_sample_1667864342.xlsx","2022-07-11 23:39:02"
100229,"2021-12-26","Urban","NH","Northeast",626000,"Masonry","Office Bldg","N","N",482,"insurance_data_sample_1667864342.xlsx","2022-07-11 23:39:02"
100282,"2021-12-26","Rural","WI","Midwest",4132600,"Frame","Farming","N","N",483,"insurance_data_sample_1667864342.xlsx","2022-07-11 23:39:02"
101111,"2021-12-26","Rural","NY","East",6235057,"Frame","Farming","N","N",484,"insurance_data_sample_1667864342.xlsx","2022-07-11 23:39:02"
100400,"2021-12-27","Rural","VT","Northeast",1960000,"Frame","Farming","N","N",485,"insurance_data_sample_1667864342.xlsx","2022-07-11 23:39:02"
101113,"2021-12-27","Rural","NY","East",2500000,"Metal Clad","Farming","N","N",486,"insurance_data_sample_1667864342.xlsx","2022-07-11 23:39:02"
101114,"2021-12-27","Urban","IL","Midwest",3883300,"Metal Clad","Farming","N","N",487,"insurance_data_sample_1667864342.xlsx","2022-07-11 23:39:02"
100200,"2021-12-28","Urban","NY","East",1425000,"Masonry","Apartment","N","N",488,"insurance_data_sample_1667864342.xlsx","2022-07-11 23:39:02"
100330,"2021-12-28","Urban","NY","East",1545100,"Frame","Office Bldg","Y","Y",489,"insurance_data_sample_1667864342.xlsx","2022-07-11 23:39:02"
101115,"2021-12-28","Urban","WI","Midwest",1665100,"Frame","Apartment","N","N",490,"insurance_data_sample_1667864342.xlsx","2022-07-11 23:39:02"
101116,"2021-12-29","Urban","NY","East",8245000,"Frame","Apartment","Y","Y",491,"insurance_data_sample_1667864342.xlsx","2022-07-11 23:39:02"
100216,"2021-12-30","Urban","NJ","East",2432600,"Frame","Retail","Y","Y",492,"insurance_data_sample_1667864342.xlsx","2022-07-11 23:39:02"
100389,"2021-12-30","Urban","NY","East",1480000,"Fire Resist","Hospitality","Y","Y",493,"insurance_data_sample_1667864342.xlsx","2022-07-11 23:39:02"
101117,"2021-12-30","Urban","NY","East",9050000,"Frame","Apartment","Y","Y",494,"insurance_data_sample_1667864342.xlsx","2022-07-11 23:39:02"
101120,"2021-12-30","Rural","NY","East",1480755,"Frame","Farming","N","N",495,"insurance_data_sample_1667864342.xlsx","2022-07-11 23:39:02"
101121,"2021-12-31","Urban","VT","Northeast",4101750,"Fire Resist","Office Bldg","Y","Y",496,"insurance_data_sample_1667864342.xlsx","2022-07-11 23:39:02"
101122,"2021-12-31","Urban","OH","Central",1739100,"Frame","Apartment","N","N",497,"insurance_data_sample_1667864342.xlsx","2022-07-11 23:39:02"
101123,"2021-12-31","Urban","NY","East",2250000,"Frame","Office Bldg","Y","Y",498,"insurance_data_sample_1667864342.xlsx","2022-07-11 23:39:02"
101125,"2021-12-31","Urban","NY","East",16482200,"Frame","Office Bldg","Y","Y",499,"insurance_data_sample_1667864342.xlsx","2022-07-11 23:39:02"
101126,"2021-12-31","Urban","WI","Midwest",1776800,"Frame","Farming","N","N",500,"insurance_data_sample_1667864342.xlsx","2022-07-11 23:39:02"
